<?xml version="1.0" encoding="UTF-8"?>
<flavour>
  <name><![CDATA[Settings]]></name>
  <description></description>
  <author><![CDATA[Admin User]]></author>
  <timecreated>1424894502</timecreated>
  <sourceurl><![CDATA[http://worksafe2.api.org/platform]]></sourceurl>
  <sourcemoodlerelease><![CDATA[2.8.2+ (Build: 20150129)]]></sourcemoodlerelease>
  <sourcemoodleversion>2014111002.04</sourcemoodleversion>
  <ingredient>
    <setting>
      <modules.authsettings.manageauths>
        <authsui plugin="core"></authsui>
        <manageauthscommonheading plugin="core"></manageauthscommonheading>
        <registerauth plugin="core"></registerauth>
        <authloginviaemail plugin="core">0</authloginviaemail>
        <authpreventaccountcreation plugin="core">0</authpreventaccountcreation>
        <loginpageautofocus plugin="core">0</loginpageautofocus>
        <guestloginbutton plugin="core">1</guestloginbutton>
        <alternateloginurl plugin="core"></alternateloginurl>
        <forgottenpasswordurl plugin="core"></forgottenpasswordurl>
        <auth_instructions plugin="core"></auth_instructions>
        <allowemailaddresses plugin="core"></allowemailaddresses>
        <denyemailaddresses plugin="core"></denyemailaddresses>
        <verifychangedemail plugin="core">1</verifychangedemail>
        <recaptchapublickey plugin="core"></recaptchapublickey>
        <recaptchaprivatekey plugin="core"></recaptchaprivatekey>
      </modules.authsettings.manageauths>
      <modules.authsettings.authsettingdrupalservices>
        <drupalsso_status plugin="core"></drupalsso_status>
        <drupalsso_settings plugin="core"></drupalsso_settings>
        <host_uri plugin="auth_drupalservices"><![CDATA[http://worksafe2.api.org]]></host_uri>
        <forcelogin plugin="core">1</forcelogin>
        <call_logout_service plugin="auth_drupalservices">1</call_logout_service>
        <drupalsso_userfieldmap plugin="core"></drupalsso_userfieldmap>
        <field_map_firstname plugin="auth_drupalservices"><![CDATA[field_first_name]]></field_map_firstname>
        <field_map_lastname plugin="auth_drupalservices"><![CDATA[field_last_name]]></field_map_lastname>
        <field_map_email plugin="auth_drupalservices"><![CDATA[mail]]></field_map_email>
        <field_map_city plugin="auth_drupalservices"></field_map_city>
        <field_map_country plugin="auth_drupalservices"></field_map_country>
        <field_map_lang plugin="auth_drupalservices"></field_map_lang>
        <field_map_description plugin="auth_drupalservices"></field_map_description>
        <field_map_url plugin="auth_drupalservices"></field_map_url>
        <field_map_idnumber plugin="auth_drupalservices"></field_map_idnumber>
        <field_map_institution plugin="auth_drupalservices"></field_map_institution>
        <field_map_department plugin="auth_drupalservices"></field_map_department>
        <field_map_phone1 plugin="auth_drupalservices"></field_map_phone1>
        <field_map_phone2 plugin="auth_drupalservices"></field_map_phone2>
        <field_map_address plugin="auth_drupalservices"></field_map_address>
        <field_map_firstnamephonetic plugin="auth_drupalservices"></field_map_firstnamephonetic>
        <field_map_lastnamephonetic plugin="auth_drupalservices"></field_map_lastnamephonetic>
        <field_map_middlename plugin="auth_drupalservices"></field_map_middlename>
        <field_map_alternatename plugin="auth_drupalservices"></field_map_alternatename>
        <drupalsso_userimport plugin="core"></drupalsso_userimport>
        <remote_user plugin="auth_drupalservices"><![CDATA[remote]]></remote_user>
        <remote_pw plugin="auth_drupalservices"><![CDATA[remote]]></remote_pw>
        <cohorts plugin="auth_drupalservices">0</cohorts>
        <cohort_view plugin="auth_drupalservices"></cohort_view>
      </modules.authsettings.authsettingdrupalservices>
    </setting>
  </ingredient>
</flavour>