<?xml version="1.0" encoding="UTF-8"?>
<flavour>
  <name><![CDATA[Advanced features]]></name>
  <description><![CDATA[<p>Advanced features -&gt; enablecompletion<br /></p>]]></description>
  <author><![CDATA[Administrator]]></author>
  <timecreated>1425651612</timecreated>
  <sourceurl><![CDATA[http://worksafe2.api.org/platform]]></sourceurl>
  <sourcemoodlerelease><![CDATA[2.8.2+ (Build: 20150129)]]></sourcemoodlerelease>
  <sourcemoodleversion>2014111002.04</sourcemoodleversion>
  <ingredient>
    <setting>
      <optionalsubsystems>
        <enableoutcomes plugin="core">0</enableoutcomes>
        <usecomments plugin="core">1</usecomments>
        <usetags plugin="core">1</usetags>
        <enablenotes plugin="core">1</enablenotes>
        <enableportfolios plugin="core">0</enableportfolios>
        <enablewebservices plugin="core">0</enablewebservices>
        <messaging plugin="core">1</messaging>
        <messaginghidereadnotifications plugin="core">0</messaginghidereadnotifications>
        <messagingdeletereadnotificationsdelay plugin="core">604800</messagingdeletereadnotificationsdelay>
        <messagingallowemailoverride plugin="core">0</messagingallowemailoverride>
        <enablestats plugin="core">0</enablestats>
        <enablerssfeeds plugin="core">0</enablerssfeeds>
        <enableblogs plugin="core">1</enableblogs>
        <mnet_dispatcher_mode plugin="core"><![CDATA[off]]></mnet_dispatcher_mode>
        <enablecompletion plugin="core">1</enablecompletion>
        <completiondefault plugin="core">1</completiondefault>
        <enableavailability plugin="core">0</enableavailability>
        <enableplagiarism plugin="core">0</enableplagiarism>
        <enablebadges plugin="core">1</enablebadges>
      </optionalsubsystems>
    </setting>
  </ingredient>
</flavour>