<?xml version="1.0"?>
<lom xmlns="http://www.imsglobal.org/xsd/imsmd_rootv1p2p1"
     xmlns:xsi="http://www.w3.org/2001/XMLSchema-instance"
     xsi:schemaLocation="http://www.imsglobal.org/xsd/imsmd_rootv1p2p1 imsmd_rootv1p2p1.xsd">

   <general>
      <title>
         <langstring>Conduct of Vessels in any Condition of Visibility</langstring>
      </title>
      <catalogentry>
         <catalog>ADL Course Catalogue ID</catalog>
         <entry>
            <langstring>1000-01-02</langstring>
         </entry>
      </catalogentry>
      <language>en-US</language>
      <description>
         <langstring>Steering and Sailing Rules: Conduct of Vessels in any Condition of Visibility. General Inland Vessel Navigation Rules. Includes definitions, collision avoidance, channels, and traffic separation schemes.</langstring>
      </description>
      <keyword>
         <langstring>Look-up</langstring>
      </keyword>
      <keyword>
         <langstring>Safe Speed</langstring>
      </keyword>
      <keyword>
         <langstring>Collision</langstring>
      </keyword>
      <keyword>
         <langstring>Channels</langstring>
      </keyword>
      <keyword>
         <langstring>Traffic Separation</langstring>
      </keyword>
      <aggregationlevel>
         <source>
            <langstring xml:lang="x-none">LOMv1.0</langstring>
         </source>
         <value>
            <langstring xml:lang="x-none">1</langstring>
         </value>
      </aggregationlevel>
   </general>

   <lifecycle>
      <version>
         <langstring>1.1</langstring>
      </version>
      <status>
         <source>
            <langstring xml:lang="x-none">LOMv1.0</langstring>
         </source>
         <value>
            <langstring xml:lang="x-none">Final</langstring>
         </value>
      </status>
      <contribute>
         <role>
            <source>
               <langstring xml:lang="x-none">LOMv1.0</langstring>
            </source>
            <value>
               <langstring xml:lang="x-none">Author</langstring>
            </value>
         </role>
         <centity>
            <vcard>BEGIN:vCard ORG:ADL Co-Lab END:vCard</vcard>
         </centity>
         <date>
            <datetime>2000-01-27</datetime>
         </date>
      </contribute>
   </lifecycle>

   <metametadata>
      <metadatascheme>ADL SCORM 1.2</metadatascheme>
      <language>en-US</language>
   </metametadata>

   <technical>
      <format>text/html</format>
      <size>14385</size>
      <location type="URI">Course01/Lesson01/sco02.htm</location>
      <requirement>
         <type>
            <source>
               <langstring xml:lang="x-none">LOMv1.0</langstring>
            </source>
            <value>
               <langstring xml:lang="x-none">Browser</langstring>
            </value>
         </type>
         <name>
            <source>
               <langstring xml:lang="x-none">LOMv1.0</langstring>
            </source>
            <value>
               <langstring xml:lang="x-none">Microsoft Internet Explorer</langstring>
            </value>
         </name>
         <minimumversion>5.0</minimumversion>
      </requirement>
   </technical>

   <educational>
      <learningresourcetype>
         <source>
            <langstring xml:lang="x-none">LOMv1.0</langstring>
         </source>
         <value>
            <langstring xml:lang="x-none">Narrative Text</langstring>
         </value>
      </learningresourcetype>
      <typicallearningtime>
         <datetime>0000-00-00t00:15:00</datetime>
      </typicallearningtime>
   </educational>

   <rights>
      <cost>
         <source>
            <langstring xml:lang="x-none">LOMv1.0</langstring>
         </source>
         <value>
            <langstring xml:lang="x-none">no</langstring>
         </value>
      </cost>
      <copyrightandotherrestrictions>
         <source>
            <langstring xml:lang="x-none">LOMv1.0</langstring>
         </source>
         <value>
            <langstring xml:lang="x-none">no</langstring>
         </value>
      </copyrightandotherrestrictions>
   </rights>

   <classification>
      <purpose>
         <source>
            <langstring xml:lang="x-none">LOMv1.0</langstring>
         </source>
         <value>
            <langstring xml:lang="x-none">Educational Objective</langstring>
         </value>
      </purpose>
      <description>
         <langstring>This Sharable Content Object will give the student a basic understanding of the conduct of vessels in any condition of visibility.</langstring>
      </description>
      <keyword>
         <langstring>Maritime Navigation</langstring>
      </keyword>
      <keyword>
         <langstring>conduct of vessels in any condition of visibility</langstring>
      </keyword>
   </classification>

</lom>
